<?xml version="1.0" encoding="UTF-8"?>
<project-private xmlns="http://www.netbeans.org/ns/project-private/1">
    <editor-bookmarks xmlns="http://www.netbeans.org/ns/editor-bookmarks/2" lastBookmarkId="0"/>
    <open-files xmlns="http://www.netbeans.org/ns/projectui-open-files/2">
        <group>
            <file>file://tts-data2/StudentData/18ATukhar/NetBeansProjects/DataStructures/src/StackDemo/CharStack.java</file>
            <file>file://tts-data2/StudentData/18ATukhar/NetBeansProjects/DataStructures/src/StackDemo/stackTester.java</file>
            <file>file://tts-data2/StudentData/18ATukhar/NetBeansProjects/DataStructures/src/QueueDemo/LinearQueue.java</file>
        </group>
    </open-files>
</project-private>
