<?xml version="1.0" encoding="UTF-8"?>
<project-private xmlns="http://www.netbeans.org/ns/project-private/1">
    <editor-bookmarks xmlns="http://www.netbeans.org/ns/editor-bookmarks/2" lastBookmarkId="0"/>
    <open-files xmlns="http://www.netbeans.org/ns/projectui-open-files/2">
        <group>
            <file>file://tts-data2/StudentData/18ATukhar/NetBeansProjects/BasicTechniques/src/tasks/studentPicker.java</file>
            <file>file://tts-data2/StudentData/18ATukhar/NetBeansProjects/BasicTechniques/src/arrays/arrayTask6.java</file>
            <file>file://tts-data2/StudentData/18ATukhar/NetBeansProjects/BasicTechniques/src/selectionTasks/selection1.java</file>
            <file>file://tts-data2/StudentData/18ATukhar/NetBeansProjects/BasicTechniques/src/tasks/studentP.java</file>
            <file>file://tts-data2/StudentData/18ATukhar/NetBeansProjects/BasicTechniques/src/subroutines/Subroutine2.java</file>
            <file>file://tts-data2/StudentData/18ATukhar/NetBeansProjects/BasicTechniques/src/dataTypes/Numbers2.java</file>
            <file>file://tts-data2/StudentData/18ATukhar/NetBeansProjects/BasicTechniques/src/iterationTasks/whileLoop.java</file>
            <file>file://tts-data2/StudentData/18ATukhar/NetBeansProjects/BasicTechniques/src/Starters/starter.java</file>
            <file>file://tts-data2/StudentData/18ATukhar/NetBeansProjects/BasicTechniques/src/Starters/starter5.java</file>
            <file>file://tts-data2/StudentData/18ATukhar/NetBeansProjects/BasicTechniques/src/Starters/starter2.java</file>
            <file>file://tts-data2/StudentData/18ATukhar/NetBeansProjects/BasicTechniques/src/arrays/ArrayTwoDProblems.java</file>
            <file>file://tts-data2/StudentData/18ATukhar/NetBeansProjects/BasicTechniques/src/Lists/listExample.java</file>
            <file>file://tts-data2/StudentData/18ATukhar/NetBeansProjects/BasicTechniques/src/Starters/starter3.java</file>
            <file>file://tts-data2/StudentData/18ATukhar/NetBeansProjects/BasicTechniques/src/subroutines/SubroutineExercises.java</file>
            <file>file://tts-data2/StudentData/18ATukhar/NetBeansProjects/BasicTechniques/src/tasks/josephusProblem.java</file>
            <file>file://tts-data2/StudentData/18ATukhar/NetBeansProjects/BasicTechniques/src/arrays/arrayExample.java</file>
            <file>file://tts-data2/StudentData/18ATukhar/NetBeansProjects/BasicTechniques/src/arrays/arrayExercises.java</file>
            <file>file://tts-data2/StudentData/18ATukhar/NetBeansProjects/BasicTechniques/src/iterationTasks/iteration1.java</file>
            <file>file://tts-data2/StudentData/18ATukhar/NetBeansProjects/BasicTechniques/src/sixWords.txt</file>
            <file>file://tts-data2/StudentData/18ATukhar/NetBeansProjects/BasicTechniques/src/subroutines/ProcedureTask.java</file>
            <file>file://tts-data2/StudentData/18ATukhar/NetBeansProjects/BasicTechniques/src/subroutines/FunnctionTask.java</file>
            <file>file://tts-data2/StudentData/18ATukhar/NetBeansProjects/BasicTechniques/src/subroutines/tasks.java</file>
            <file>file://tts-data2/StudentData/18ATukhar/NetBeansProjects/BasicTechniques/src/dataTypes/Characters1.java</file>
            <file>file://tts-data2/StudentData/18ATukhar/NetBeansProjects/BasicTechniques/src/Printing/PrintingTask1.java</file>
            <file>file://tts-data2/StudentData/18ATukhar/NetBeansProjects/BasicTechniques/src/dataTypes/Numbers1.java</file>
            <file>file://tts-data2/StudentData/18ATukhar/NetBeansProjects/BasicTechniques/src/eightWords.txt</file>
            <file>file://tts-data2/StudentData/18ATukhar/NetBeansProjects/BasicTechniques/src/readFile/fileTask.java</file>
            <file>file://tts-data2/StudentData/18ATukhar/NetBeansProjects/BasicTechniques/src/sample.txt</file>
            <file>file://tts-data2/StudentData/18ATukhar/NetBeansProjects/BasicTechniques/src/arrays/meanArray.java</file>
            <file>file://tts-data2/StudentData/18ATukhar/NetBeansProjects/BasicTechniques/src/tasks/collectorsProblem.java</file>
            <file>file://tts-data2/StudentData/18ATukhar/NetBeansProjects/BasicTechniques/src/arrays/printingArrays.java</file>
            <file>file://tts-data2/StudentData/18ATukhar/NetBeansProjects/BasicTechniques/src/tasks/dartsProblem.java</file>
            <file>file://tts-data2/StudentData/18ATukhar/NetBeansProjects/BasicTechniques/src/arrays/arrayTask8.java</file>
            <file>file://tts-data2/StudentData/18ATukhar/NetBeansProjects/BasicTechniques/src/arrays/threeDArrays.java</file>
            <file>file://tts-data2/StudentData/18ATukhar/NetBeansProjects/BasicTechniques/src/arrays/arrayTask5.java</file>
            <file>file://tts-data2/StudentData/18ATukhar/NetBeansProjects/BasicTechniques/src/Starters/starter4.java</file>
            <file>file://tts-data2/StudentData/18ATukhar/NetBeansProjects/BasicTechniques/src/tasks/passGen.java</file>
            <file>file://tts-data2/StudentData/18ATukhar/NetBeansProjects/BasicTechniques/src/Lists/listTasks.java</file>
        </group>
    </open-files>
</project-private>
