<?xml version="1.0" encoding="UTF-8"?>
<project-private xmlns="http://www.netbeans.org/ns/project-private/1">
    <editor-bookmarks xmlns="http://www.netbeans.org/ns/editor-bookmarks/2" lastBookmarkId="0"/>
    <open-files xmlns="http://www.netbeans.org/ns/projectui-open-files/2">
        <group>
            <file>file://tts-data2/StudentData/18ATukhar/6.1/Computer%20Science/website/starter/starter.html</file>
            <file>file://tts-data2/StudentData/18ATukhar/6.1/Computer%20Science/website/JSForEx1.html</file>
            <file>file://tts-data2/StudentData/18ATukhar/6.1/Computer%20Science/website/FunEx3.html</file>
            <file>file://tts-data2/StudentData/18ATukhar/6.1/Computer%20Science/website/FunEx2.html</file>
            <file>file://tts-data2/StudentData/18ATukhar/6.1/Computer%20Science/website/SelectionExcercise1.html</file>
            <file>file://tts-data2/StudentData/18ATukhar/6.1/Computer%20Science/website/FunEx4.html</file>
        </group>
    </open-files>
</project-private>
